index,phr_mid (dB),phr (dB),phr,sinr_mid (dB),sinr (dB),sinr,mcs target code rate,cqi coding rate
0,x,"(-infty,-32)",x,x,"(-infty,-23)",x,0.117,x
1,-31.5,"[-32,-31)",0.000707946,-22.75,"[-23,-22.5)",0.005308844,0.188,0.076
2,-30.5,"[-31,-30)",0.000891251,-22.25,"[-22.5,-22)",0.005956621,0.301,0.188
3,-29.5,"[-30,-29)",0.001122018,-21.75,,0.006683439,0.438,0.438
4,-28.5,,0.001412538,-21.25,,0.007498942,0.588,0.369
5,-27.5,,0.001778279,-20.75,,0.008413951,0.369,0.479
6,-26.5,,0.002238721,-20.25,,0.009440609,0.424,0.602
7,-25.5,,0.002818383,-19.75,,0.010592537,0.479,0.455
8,-24.5,,0.003548134,-19.25,,0.011885022,0.54,0.554
9,-23.5,,0.004466836,-18.75,,0.013335214,0.602,0.65
10,-22.5,,0.005623413,-18.25,,0.014962357,0.643,0.754
11,-21.5,,0.007079458,-17.75,,0.01678804,0.455,0.853
12,-20.5,,0.008912509,-17.25,,0.018836491,0.505,0.694
13,-19.5,,0.011220185,-16.75,,0.02113489,0.554,0.778
14,-18.5,,0.014125375,-16.25,,0.023713737,0.602,0.864
15,-17.5,,0.017782794,-15.75,,0.026607251,0.65,0.926
16,-16.5,,0.022387211,-15.25,,0.029853826,0.702,
17,-15.5,,0.028183829,-14.75,,0.033496544,0.754,
18,-14.5,,0.035481339,-14.25,,0.03758374,0.803,
19,-13.5,,0.044668359,-13.75,,0.04216965,0.853,
20,-12.5,,0.056234133,-13.25,,0.047315126,0.667,
21,-11.5,,0.070794578,-12.75,,0.053088444,0.694,
22,-10.5,,0.089125094,-12.25,,0.059566214,0.736,
23,-9.5,,0.112201845,-11.75,,0.066834392,0.778,
24,-8.5,,0.141253754,-11.25,,0.074989421,0.821,
25,-7.5,,0.177827941,-10.75,,0.084139514,0.864,
26,-6.5,,0.223872114,-10.25,,0.094406088,0.895,
27,-5.5,,0.281838293,-9.75,,0.105925373,0.926,
28,-4.5,,0.354813389,-9.25,,0.118850223,,
29,-3.5,,0.446683592,-8.75,,0.133352143,,
30,-2.5,,0.562341325,-8.25,,0.149623566,,
31,-1.5,,0.707945784,-7.75,,0.167880402,,
32,-0.5,,0.891250938,-7.25,,0.188364909,,
33,0.5,,1.122018454,-6.75,,0.211348904,,
34,1.5,,1.412537545,-6.25,,0.237137371,,
35,2.5,,1.77827941,-5.75,,0.266072506,,
36,3.5,,2.238721139,-5.25,,0.298538262,,
37,4.5,,2.818382931,-4.75,,0.334965439,,
38,5.5,,3.548133892,-4.25,,0.375837404,,
39,6.5,,4.466835922,-3.75,,0.421696503,,
40,7.5,,5.623413252,-3.25,,0.473151259,,
41,8.5,,7.079457844,-2.75,,0.530884444,,
42,9.5,,8.912509381,-2.25,,0.595662144,,
43,10.5,,11.22018454,-1.75,,0.668343918,,
44,11.5,,14.12537545,-1.25,,0.749894209,,
45,12.5,,17.7827941,-0.75,,0.841395142,,
46,13.5,,22.38721139,-0.25,,0.944060876,,
47,14.5,,28.18382931,0.25,,1.059253725,,
48,15.5,,35.48133892,0.75,,1.188502227,,
49,16.5,,44.66835922,1.25,,1.333521432,,
50,17.5,,56.23413252,1.75,,1.496235656,,
51,18.5,,70.79457844,2.25,,1.678804018,,
52,19.5,"[19,20)",89.12509381,2.75,,1.883649089,,
53,20.5,"[20,21)",112.2018454,3.25,,2.11348904,,
54,21.5,"[21,22)",141.2537545,3.75,,2.371373706,,
55,23,"[22,24)",199.5262315,4.25,,2.66072506,,
56,25,"[24,26)",316.227766,4.75,,2.985382619,,
57,27,"[26,28)",501.1872336,5.25,,3.349654392,,
58,29,"[28,30)",794.3282347,5.75,,3.758374043,,
59,31,"[30,32)",1258.925412,6.25,,4.216965034,,
60,33,"[32,34)",1995.262315,6.75,,4.73151259,,
61,35,"[34,36)",3162.27766,7.25,,5.308844442,,
62,37,"[36,28)",5011.872336,7.75,,5.956621435,,
63,x,"[38, infty)",x,8.25,,6.683439176,,
64,,,,8.75,,7.498942093,,
65,,,,9.25,,8.413951416,,
66,,,,9.75,,9.440608763,,
67,,,,10.25,,10.59253725,,
68,,,,10.75,,11.88502227,,
69,,,,11.25,,13.33521432,,
70,,,,11.75,,14.96235656,,
71,,,,12.25,,16.78804018,,
72,,,,12.75,,18.83649089,,
73,,,,13.25,,21.1348904,,
74,,,,13.75,,23.71373706,,
75,,,,14.25,,26.6072506,,
76,,,,14.75,,29.85382619,,
77,,,,15.25,,33.49654392,,
78,,,,15.75,,37.58374043,,
79,,,,16.25,,42.16965034,,
80,,,,16.75,,47.3151259,,
81,,,,17.25,,53.08844442,,
82,,,,17.75,,59.56621435,,
83,,,,18.25,,66.83439176,,
84,,,,18.75,,74.98942093,,
85,,,,19.25,,84.13951416,,
86,,,,19.75,,94.40608763,,
87,,,,20.25,,105.9253725,,
88,,,,20.75,,118.8502227,,
89,,,,21.25,,133.3521432,,
90,,,,21.75,,149.6235656,,
91,,,,22.25,,167.8804018,,
92,,,,22.75,,188.3649089,,
93,,,,23.25,,211.348904,,
94,,,,23.75,,237.1373706,,
95,,,,24.25,,266.072506,,
96,,,,24.75,,298.5382619,,
97,,,,25.25,,334.9654392,,
98,,,,25.75,,375.8374043,,
99,,,,26.25,,421.6965034,,
100,,,,26.75,,473.151259,,
101,,,,27.25,,530.8844442,,
102,,,,27.75,,595.6621435,,
103,,,,28.25,,668.3439176,,
104,,,,28.75,,749.8942093,,
105,,,,29.25,,841.3951416,,
106,,,,29.75,,944.0608763,,
107,,,,30.25,,1059.253725,,
108,,,,30.75,,1188.502227,,
109,,,,31.25,,1333.521432,,
110,,,,31.75,,1496.235656,,
111,,,,32.25,,1678.804018,,
112,,,,32.75,,1883.649089,,
113,,,,33.25,,2113.48904,,
114,,,,33.75,,2371.373706,,
115,,,,34.25,,2660.72506,,
116,,,,34.75,,2985.382619,,
117,,,,35.25,,3349.654392,,
118,,,,35.75,,3758.374043,,
119,,,,36.25,,4216.965034,,
120,,,,36.75,,4731.51259,,
121,,,,37.25,,5308.844442,,
122,,,,37.75,,5956.621435,,
123,,,,38.25,,6683.439176,,
124,,,,38.75,,7498.942093,,
125,,,,39.25,,8413.951416,,
126,,,,39.75,,9440.608763,,
127,,,,40.25,,10592.53725,,